,household_id,month,electricity_always_on,electricity_refrigeration,electricity_space_heating,electricity_water_heating,electricity_cooking,electricity_laundry,electricity_lighting,electricity_entertainment,electricity_electric_vehicle,electricity_pool_or_sauna,electricity_other,electricity_total,property_type,property_size,property_age,property_ownership,occupants,occupant_type,space_heating,water_heating,stove_heating,grill_heating,oven_heating,photo_voltaic,fridge,freezer,combi_fridge_freezer,oven,grill,hob,microwave,kettle,toaster,dishwasher,washing_machine,tumble_dryer,iron,tv,dvd_or_blueray,digital_tv_box,games_console,computer,tablet,electric_shower,ev_charger,swimming_pool,sauna
0,7,2,156.38299999999998,34.0861,0.0,0.0,15.5271,3.6729,13.4794,61.8323,79.1085,0,3.6777,367.767,PT.02,PS.04,PA.01,OWN.02,OCC.05,OT.04,SH.01,WH.01,STH.01,GH.02,OH.02,SOL.02,1.0,0.0,2.0,1.0,1.0,1.0,1.0,1.0,1.0,0.0,1.0,1.0,1.0,1.0,1.0,2.0,1.0,1.0,1.0,0.0,1.0,0.0,0.0
1,124,7,33.4648,21.8319,0.0,0.0,30.3656,11.7829,17.5335,79.2398,0.0,0,24.9505,219.169,,,,,,,,,,,,,,,,,,,,,,,,,,,,,,,,,,,
2,128,2,41.4417,15.4335,0.0,0.0,6.2355,5.83,26.0377,38.8743,0.0,0,1.3519999999999999,135.205,PT.04,PS.04,PA.03,OWN.01,OCC.05,OT.04,SH.01,WH.01,STH.02,GH.02,OH.02,SOL.02,1.0,2.0,0.0,1.0,1.0,1.0,1.0,1.0,1.0,1.0,1.0,0.0,0.0,2.0,1.0,1.0,0.0,3.0,2.0,0.0,0.0,0.0,0.0
3,139,7,33.1051,18.145,0.0,0.0,16.344,7.1064,11.9038,49.5253,0.0,0,12.6676,148.797,,,,,,,,,,,,,,,,,,,,,,,,,,,,,,,,,,,
4,143,2,6.1622,21.5591,4.9928,0.0,4.5355,5.5,10.888,19.1187,0.0,0,0.8742,73.6305,PT.06,PS.02,PA.02,OWN.01,OCC.01,OT.02,SH.07,WH.05,STH.01,GH.02,OH.02,SOL.02,0.0,0.0,1.0,1.0,1.0,1.0,1.0,1.0,0.0,0.0,1.0,0.0,1.0,1.0,1.0,1.0,1.0,1.0,0.0,1.0,0.0,0.0,0.0
5,155,2,14.4333,0.0,17.6933,0.0,3.1373,3.6766,24.3315,31.9683,0.0,0,6.5125,101.75299999999999,PT.06,PS.03,PA.03,OWN.02,OCC.03,OT.02,SH.07,WH.05,STH.01,GH.01,OH.01,SOL.02,0.0,0.0,1.0,1.0,1.0,1.0,1.0,1.0,0.0,0.0,1.0,0.0,1.0,1.0,1.0,0.0,0.0,3.0,3.0,0.0,0.0,0.0,0.0
6,170,7,106.853,38.3852,0.0,0.0,39.2951,15.3035,16.4376,46.0773,0.0,0,28.078000000000003,290.43,,,,,,,,,,,,,,,,,,,,,,,,,,,,,,,,,,,
7,178,2,23.2212,0.0,0.0,0.0,11.5442,2.2773,11.0382,14.7668,0.0,0,4.0283,66.8762,PT.02,PS.03,PA.01,OWN.01,OCC.02,OT.02,SH.01,WH.01,STH.02,GH.02,OH.02,SOL.02,0.0,0.0,1.0,1.0,1.0,1.0,1.0,1.0,1.0,0.0,1.0,0.0,1.0,2.0,0.0,2.0,1.0,1.0,2.0,1.0,0.0,0.0,0.0
8,200,2,13.2341,0.0,0.0,0.0,10.5295,22.2894,24.8654,37.5816,0.0,0,2.9551,111.455,PT.02,PS.04,PA.04,OWN.01,OCC.03,OT.04,SH.01,WH.01,STH.01,GH.02,OH.02,SOL.02,0.0,0.0,2.0,1.0,1.0,1.0,1.0,1.0,1.0,1.0,1.0,1.0,1.0,1.0,0.0,1.0,0.0,1.0,1.0,0.0,0.0,0.0,0.0
9,201,2,25.963,0.0,0.0,0.0,30.1745,12.722999999999999,21.0262,25.5828,0.0,0,16.8066,132.276,PT.06,PS.01,PA.02,OWN.02,OCC.02,OT.02,SH.01,WH.01,STH.02,GH.02,OH.02,SOL.02,0.0,0.0,1.0,1.0,1.0,1.0,1.0,1.0,1.0,1.0,1.0,1.0,0.0,1.0,1.0,1.0,0.0,1.0,3.0,1.0,0.0,0.0,0.0
10,818,2,19.0562,0.0,0.0,0.0,16.395,3.7956,17.2919,18.3003,0.0,0,8.56,83.399,PT.01,PS.04,PA.01,OWN.01,OCC.02,OT.04,SH.01,WH.01,STH.01,GH.02,OH.02,SOL.02,1.0,0.0,0.0,1.0,1.0,1.0,1.0,1.0,1.0,1.0,0.0,1.0,1.0,1.0,1.0,2.0,1.0,0.0,1.0,0.0,1.0,0.0,0.0
11,848,7,62.1008,39.4049,0.0,0.0,50.5579,41.7339,25.2259,57.9213,0.0,0,38.3793,315.324,,,,,,,,,,,,,,,,,,,,,,,,,,,,,,,,,,,
12,1073,2,79.7831,0.0,0.0,0.0,58.9439,8.9724,64.2245,63.982,0.0,0,23.6048,299.51099999999997,PT.02,PS.04,PA.03,OWN.01,OCC.03,OT.03,SH.01,WH.01,STH.02,GH.02,OH.02,SOL.02,0.0,0.0,1.0,1.0,1.0,1.0,1.0,1.0,1.0,1.0,1.0,1.0,1.0,1.0,1.0,1.0,1.0,1.0,1.0,1.0,0.0,0.0,0.0
13,1082,2,35.2054,20.3636,0.0,0.0,13.797,11.4287,43.7366,61.7168,0.0,0,3.1332,189.38099999999997,PT.05,PS.04,PA.03,OWN.01,OCC.02,OT.02,SH.01,WH.01,STH.01,GH.02,OH.02,SOL.02,1.0,1.0,0.0,1.0,1.0,1.0,1.0,1.0,0.0,1.0,1.0,1.0,1.0,1.0,0.0,0.0,0.0,1.0,1.0,0.0,0.0,0.0,0.0
14,1667,2,69.3377,23.9438,0.0,0.0,42.795,27.0756,71.9584,99.6917,0.0,0,15.8801,350.68199999999996,PT.02,PS.03,PA.02,OWN.01,OCC.05,OT.04,SH.01,WH.01,STH.02,GH.02,OH.02,SOL.02,2.0,1.0,0.0,1.0,1.0,1.0,0.0,1.0,0.0,1.0,1.0,1.0,1.0,1.0,0.0,0.0,1.0,2.0,1.0,0.0,0.0,0.0,0.0
15,1741,7,177.72400000000002,56.1184,0.0,0.0,56.9549,22.5013,22.1233,67.2898,0.0,0,39.8616,442.57300000000004,,,,,,,,,,,,,,,,,,,,,,,,,,,,,,,,,,,
16,1789,2,34.6192,23.5868,0.0,0.0,47.358999999999995,11.2107,35.2328,40.8583,0.0,0,24.2014,217.06799999999998,,,,,,,,,,,,,,,,,,,,,,,,,,,,,,,,,,,
17,1796,2,0.0,0.0,0.0,0.0,0.0,0.0,0.0,0.0,0.0,0,0.0,0.0,PT.05,PS.04,PA.04,OWN.01,OCC.03,OT.02,SH.01,WH.01,STH.03,GH.02,OH.02,SOL.01,0.0,0.0,3.0,1.0,1.0,1.0,0.0,0.0,0.0,0.0,0.0,0.0,0.0,0.0,0.0,0.0,0.0,0.0,0.0,0.0,0.0,0.0,0.0
18,1824,7,82.6085,44.1179,0.0,0.0,41.1692,9.0618,19.5532,47.583,0.0,0,30.5614,274.655,,,,,,,,,,,,,,,,,,,,,,,,,,,,,,,,,,,
19,1833,7,9.4288,9.9678,0.0,0.0,8.2215,5.2111,3.917,11.8379,0.0,0,6.1091,54.693000000000005,,,,,,,,,,,,,,,,,,,,,,,,,,,,,,,,,,,
20,1850,7,30.1014,76.3114,0.0,0.0,41.2713,32.1122,19.429000000000002,47.7522,0.0,0,30.5524,277.53,,,,,,,,,,,,,,,,,,,,,,,,,,,,,,,,,,,
21,1862,2,19.4041,14.1748,0.0,0.0,10.0803,14.7854,23.4346,44.8249,0.0,0,3.8608,130.565,PT.04,PS.03,PA.03,OWN.01,OCC.03,OT.04,SH.01,WH.01,STH.01,GH.03,OH.02,SOL.02,1.0,1.0,0.0,1.0,1.0,1.0,1.0,1.0,0.0,1.0,1.0,1.0,1.0,1.0,0.0,1.0,1.0,1.0,1.0,0.0,0.0,0.0,0.0
22,1867,2,68.6691,14.9,0.0,0.0,7.5602,11.1627,25.859,66.8537,0.0,0,1.9697,196.975,PT.04,PS.04,PA.03,OWN.01,OCC.04,OT.04,SH.01,WH.01,STH.01,GH.02,OH.02,SOL.02,1.0,0.0,1.0,1.0,1.0,1.0,1.0,1.0,1.0,1.0,1.0,1.0,1.0,3.0,1.0,3.0,2.0,1.0,2.0,0.0,0.0,0.0,0.0
23,1875,7,124.238,41.9119,0.0,0.0,20.4874,4.25,11.741,88.2393,0.0,0,12.9563,303.824,,,,,,,,,,,,,,,,,,,,,,,,,,,,,,,,,,,
24,1888,2,47.95399999999999,37.6451,0.0,0.0,25.5751,30.5267,93.8005,139.753,0.0,0,3.7904,379.045,PT.02,PS.04,PA.02,OWN.01,OCC.03,OT.02,SH.01,WH.01,STH.01,GH.02,OH.02,SOL.02,1.0,1.0,1.0,1.0,1.0,1.0,1.0,0.0,0.0,1.0,1.0,1.0,1.0,1.0,1.0,1.0,0.0,2.0,2.0,0.0,0.0,0.0,0.0
25,1892,7,6.7941,7.9431,0.0,0.0,10.1437,4.3287,5.4866,25.4375,0.0,0,8.4492,68.583,,,,,,,,,,,,,,,,,,,,,,,,,,,,,,,,,,,
26,1917,2,0.0,0.0,0.0,0.0,0.0,0.0,0.0,0.0,0.0,0,0.0,0.0,PT.04,PS.03,PA.02,OWN.02,OCC.02,OT.04,SH.01,WH.01,STH.01,GH.02,OH.02,SOL.02,0.0,1.0,1.0,1.0,1.0,1.0,1.0,1.0,1.0,0.0,1.0,1.0,1.0,1.0,1.0,1.0,0.0,1.0,1.0,0.0,0.0,0.0,0.0
27,1940,2,33.9174,49.5185,0.0,0.0,24.1804,6.6889,45.2417,72.5305,0.0,0,12.0415,244.11900000000003,PT.04,PS.02,PA.02,OWN.01,OCC.02,OT.06,SH.01,WH.01,STH.01,GH.02,OH.02,SOL.02,2.0,1.0,0.0,1.0,1.0,1.0,2.0,1.0,1.0,1.0,1.0,1.0,1.0,5.0,2.0,3.0,0.0,2.0,2.0,0.0,0.0,0.0,1.0
28,1950,2,88.2117,16.9364,0.0,0.0,13.4061,16.5937,41.1965,94.6783,0.0,0,2.7376,273.76,PT.02,PS.03,PA.01,OWN.01,OCC.04,OT.04,SH.01,WH.01,STH.01,GH.02,OH.02,SOL.02,1.0,1.0,0.0,1.0,1.0,1.0,1.0,0.0,0.0,1.0,1.0,1.0,1.0,2.0,1.0,2.0,1.0,2.0,1.0,0.0,0.0,0.0,0.0
29,1976,7,6.9685,6.4572,0.0,8.2908,3.6947,6.112,6.3384,30.4978,0.0,0,10.8705,79.23,,,,,,,,,,,,,,,,,,,,,,,,,,,,,,,,,,,
30,2118,2,0.0,0.0,0.0,0.0,0.0,0.0,0.0,0.0,0.0,0,0.0,0.0,PT.06,PS.02,PA.02,OWN.01,OCC.01,OT.02,SH.07,WH.01,STH.01,GH.04,OH.02,SOL.02,1.0,0.0,0.0,1.0,1.0,1.0,0.0,1.0,0.0,0.0,1.0,0.0,1.0,1.0,0.0,1.0,3.0,1.0,1.0,0.0,0.0,0.0,0.0
31,2126,7,139.34799999999998,33.1658,0.0,0.0,27.1129,7.2516,15.515999999999998,99.5251,0.0,0,13.3275,335.24699999999996,,,,,,,,,,,,,,,,,,,,,,,,,,,,,,,,,,,
32,2137,2,25.2878,17.4845,8.8636,0.0,7.5118,10.5586,18.6492,40.4568,0.0,0,1.3011,130.113,PT.04,PS.03,PA.03,OWN.01,OCC.03,OT.04,SH.07,WH.05,STH.02,GH.02,OH.02,SOL.02,1.0,1.0,1.0,1.0,1.0,1.0,0.0,1.0,0.0,1.0,1.0,1.0,1.0,1.0,1.0,1.0,0.0,1.0,1.0,0.0,0.0,0.0,0.0
33,2144,7,17.8597,43.5276,0.0,0.0,7.0809,4.25,3.8242,32.3079,0.0,0,4.2767,113.12700000000001,,,,,,,,,,,,,,,,,,,,,,,,,,,,,,,,,,,
34,2152,7,133.335,43.1619,0.0,0.0,14.8507,38.69,5.3335,88.5738,0.0,0,6.6559,330.601,,,,,,,,,,,,,,,,,,,,,,,,,,,,,,,,,,,
35,2168,2,69.7684,16.4283,0.0,0.0,9.6388,4.532,25.6133,39.7176,0.0,0,1.6737,167.372,PT.03,PS.03,PA.02,OWN.01,OCC.02,OT.05,SH.01,WH.01,STH.02,GH.02,OH.02,SOL.02,1.0,0.0,1.0,1.0,1.0,1.0,1.0,1.0,1.0,1.0,1.0,1.0,1.0,1.0,1.0,1.0,1.0,1.0,2.0,0.0,0.0,0.0,0.0
36,2181,2,124.934,34.9581,0.0,0.0,11.8893,5.83,49.8231,79.2328,0.0,0,3.0976,309.765,PT.02,PS.04,PA.03,OWN.01,OCC.05,OT.05,SH.01,WH.01,STH.01,GH.02,OH.02,SOL.02,0.0,1.0,1.0,1.0,1.0,1.0,1.0,1.0,1.0,1.0,1.0,1.0,1.0,1.0,1.0,1.0,1.0,1.0,1.0,0.0,0.0,0.0,0.0
37,2190,7,37.1161,23.2903,0.0,0.0,11.3835,7.2032,7.462000000000001,41.7609,0.0,0,8.0069,136.22299999999998,,,,,,,,,,,,,,,,,,,,,,,,,,,,,,,,,,,
38,2203,2,52.5829,23.1878,0.0,0.0,19.5089,19.5872,36.5849,42.9676,0.0,0,6.4686,200.888,PT.04,PS.03,PA.03,OWN.01,OCC.04,OT.04,SH.01,WH.01,STH.02,GH.04,OH.02,SOL.02,1.0,0.0,1.0,1.0,1.0,1.0,1.0,1.0,1.0,0.0,1.0,1.0,1.0,1.0,0.0,0.0,1.0,0.0,0.0,0.0,0.0,0.0,0.0
39,2216,2,104.663,29.38,0.0,0.0,9.1462,6.1215,23.410999999999998,63.1917,0.0,0,2.383,238.296,PT.04,PS.04,PA.03,OWN.01,OCC.04,OT.04,SH.01,WH.01,STH.01,GH.02,OH.02,SOL.02,1.0,1.0,1.0,1.0,1.0,1.0,1.0,1.0,1.0,1.0,1.0,1.0,1.0,1.0,1.0,1.0,0.0,1.0,1.0,0.0,0.0,0.0,0.0
40,2225,7,130.38,28.131999999999998,0.0,0.0,4.8593,4.25,1.5283,19.9803,0.0,0,1.9104,191.04,,,,,,,,,,,,,,,,,,,,,,,,,,,,,,,,,,,
41,2243,4,52.3476,27.9353,0.0,0.0,12.3161,13.7429,15.1979,49.94,0.0,0,5.9705,177.45,PT.04,PS.02,PA.04,OWN.02,OCC.02,OT.06,SH.01,WH.01,STH.01,GH.04,OH.02,SOL.02,1.0,0.0,1.0,1.0,1.0,1.0,1.0,1.0,1.0,1.0,1.0,0.0,1.0,2.0,1.0,1.0,0.0,2.0,1.0,0.0,0.0,0.0,0.0
42,2253,2,63.333999999999996,32.623000000000005,0.0,0.0,9.6712,5.665,34.5228,55.5465,0.0,0,2.0340000000000003,203.396,PT.04,PS.03,PA.04,OWN.01,OCC.03,OT.04,SH.01,WH.04,STH.01,GH.02,OH.02,SOL.02,1.0,1.0,1.0,1.0,1.0,1.0,1.0,1.0,1.0,1.0,1.0,1.0,1.0,3.0,1.0,1.0,1.0,2.0,1.0,0.0,0.0,0.0,0.0
43,2263,2,51.8746,33.9221,0.0,0.0,38.9185,40.2699,78.994,110.111,0.0,0,15.1684,369.25800000000004,PT.02,PS.03,PA.03,OWN.01,OCC.02,OT.05,SH.01,WH.01,STH.01,GH.02,OH.02,SOL.02,1.0,1.0,1.0,1.0,1.0,1.0,1.0,1.0,1.0,1.0,1.0,1.0,1.0,1.0,1.0,1.0,1.0,1.0,1.0,0.0,0.0,0.0,0.0
44,2272,2,69.997,0.0,0.0,0.0,5.5772,8.8341,16.0282,33.5117,0.0,0,1.3503,135.298,PT.05,PS.03,PA.02,OWN.02,OCC.01,OT.02,SH.01,WH.01,STH.02,GH.02,OH.02,SOL.02,0.0,0.0,1.0,1.0,1.0,1.0,1.0,1.0,1.0,1.0,1.0,1.0,1.0,1.0,1.0,1.0,0.0,1.0,0.0,0.0,0.0,0.0,0.0
45,2299,2,11.9205,6.5967,2.7116,0.0,2.6105,5.5,6.8359,12.3107,0.0,0,0.4898,48.9758,PT.04,PS.02,PA.03,OWN.02,OCC.01,OT.03,SH.07,WH.05,STH.02,GH.02,OH.02,SOL.02,0.0,0.0,1.0,1.0,1.0,1.0,1.0,1.0,1.0,0.0,1.0,0.0,0.0,1.0,0.0,0.0,0.0,0.0,0.0,0.0,0.0,0.0,0.0
46,2311,2,26.8172,0.0,0.0,0.0,47.7833,16.489,46.2179,45.0164,0.0,0,24.5575,206.88099999999997,PT.02,PS.03,PA.03,OWN.01,OCC.02,OT.03,SH.01,WH.01,STH.02,GH.02,OH.02,SOL.02,0.0,0.0,1.0,1.0,1.0,1.0,1.0,1.0,1.0,0.0,1.0,0.0,1.0,1.0,1.0,1.0,0.0,1.0,1.0,1.0,0.0,0.0,0.0
47,2320,7,47.94,31.6334,0.0,0.0,2.6228,4.25,0.8249,14.8108,0.0,0,1.0311,103.113,,,,,,,,,,,,,,,,,,,,,,,,,,,,,,,,,,,
48,2329,2,139.66899999999998,35.8457,0.0,0.0,13.1203,4.664,57.7519,87.3678,0.0,0,3.4184,341.837,PT.05,PS.04,PA.03,OWN.01,OCC.04,OT.05,SH.01,WH.01,STH.01,GH.02,OH.02,SOL.02,1.0,1.0,0.0,1.0,1.0,1.0,1.0,1.0,1.0,1.0,1.0,1.0,1.0,2.0,2.0,2.0,1.0,3.0,1.0,0.0,0.0,0.0,0.0
49,2353,7,18.8568,14.5808,0.0,0.0,19.5874,7.8351,11.0886,50.4966,0.0,0,16.1627,138.608,,,,,,,,,,,,,,,,,,,,,,,,,,,,,,,,,,,
50,2374,2,10.4764,0.0,0.0,0.0,11.0683,3.685,9.3554,12.204,0.0,0,5.4918,52.2809,PT.02,PS.02,PA.01,OWN.02,OCC.02,OT.03,SH.01,WH.01,STH.02,GH.02,OH.02,SOL.02,1.0,1.0,1.0,1.0,1.0,1.0,1.0,1.0,1.0,0.0,1.0,1.0,1.0,1.0,0.0,1.0,0.0,1.0,1.0,1.0,0.0,0.0,0.0
51,2382,2,35.114000000000004,25.0362,0.0,0.0,13.7802,25.361,48.4236,69.2287,0.0,0,2.1913,219.135,PT.04,PS.04,PA.03,OWN.01,OCC.02,OT.03,SH.01,WH.01,STH.01,GH.02,OH.02,SOL.02,1.0,1.0,0.0,1.0,1.0,1.0,1.0,1.0,1.0,1.0,1.0,1.0,1.0,2.0,1.0,1.0,0.0,2.0,2.0,0.0,0.0,0.0,0.0
52,2403,2,96.43700000000001,0.0,0.0,0.0,49.1625,7.1802,45.4416,46.0031,0.0,0,29.0712,273.296,PT.02,PS.02,PA.02,OWN.01,OCC.01,OT.06,SH.01,WH.01,STH.01,GH.02,OH.02,SOL.02,1.0,1.0,0.0,1.0,1.0,1.0,1.0,1.0,1.0,0.0,1.0,1.0,1.0,2.0,0.0,1.0,0.0,1.0,1.0,1.0,0.0,0.0,0.0
53,2412,2,0.0,0.0,0.0,0.0,0.0,0.0,0.0,0.0,0.0,0,0.0,0.0,PT.05,PS.02,PA.02,OWN.02,OCC.01,OT.02,SH.01,WH.01,STH.01,GH.02,OH.02,SOL.02,0.0,0.0,1.0,1.0,1.0,1.0,1.0,1.0,1.0,1.0,1.0,1.0,0.0,1.0,0.0,1.0,1.0,0.0,1.0,0.0,0.0,0.0,0.0
54,2421,7,108.415,21.2466,0.0,0.0,15.0895,42.937,7.0153,77.6347,0.0,0,8.1372,280.475,,,,,,,,,,,,,,,,,,,,,,,,,,,,,,,,,,,
55,2433,2,17.9309,22.2246,0.0,0.0,6.2382,13.3916,19.9851,31.6145,0.0,0,1.1251,112.51,PT.04,PS.03,PA.03,OWN.02,OCC.02,OT.04,SH.01,WH.01,STH.01,GH.02,OH.02,SOL.02,0.0,1.0,1.0,1.0,1.0,1.0,1.0,1.0,0.0,1.0,1.0,0.0,0.0,2.0,1.0,1.0,1.0,0.0,1.0,0.0,0.0,0.0,0.0
56,2447,7,0.0,0.0,0.0,0.0,0.0,0.0,0.0,0.0,0.0,0,0.0,0.0,,,,,,,,,,,,,,,,,,,,,,,,,,,,,,,,,,,
57,2456,2,37.2461,26.6771,0.0,0.0,23.8064,59.8323,49.641999999999996,100.229,0.0,0,4.3933,301.827,PT.05,PS.03,PA.03,OWN.01,OCC.04,OT.04,SH.01,WH.01,STH.01,GH.02,OH.02,SOL.02,2.0,1.0,0.0,1.0,1.0,1.0,1.0,1.0,1.0,1.0,1.0,1.0,1.0,3.0,1.0,1.0,0.0,1.0,1.0,0.0,0.0,0.0,0.0
58,2468,8,42.0618,25.6004,0.0,0.0,2.3798,4.4,1.0844,13.9389,0.0,0,0.9037,90.369,,,,,,,,,,,,,,,,,,,,,,,,,,,,,,,,,,,
59,2478,2,38.1247,0.0,0.0,0.0,9.8134,7.4234,20.3673,45.6869,0.0,0,1.8807,123.296,PT.04,PS.03,PA.04,OWN.02,OCC.04,OT.04,SH.01,WH.01,STH.01,GH.02,OH.02,SOL.02,0.0,0.0,1.0,1.0,1.0,1.0,1.0,1.0,1.0,1.0,1.0,0.0,1.0,1.0,1.0,1.0,1.0,2.0,3.0,0.0,0.0,0.0,0.0
60,2505,2,46.4967,15.6441,0.0,0.0,19.6334,12.2587,46.1274,68.5406,0.0,0,8.1374,216.838,PT.05,PS.03,PA.03,OWN.02,OCC.02,OT.02,SH.01,WH.01,STH.01,GH.02,OH.02,SOL.02,1.0,1.0,0.0,1.0,1.0,1.0,1.0,1.0,1.0,1.0,1.0,1.0,1.0,1.0,1.0,1.0,0.0,2.0,0.0,0.0,0.0,0.0,0.0
61,2517,7,46.5389,31.62,0.0,0.0,19.2073,9.1831,13.5166,63.288999999999994,0.0,0,14.3232,197.678,,,,,,,,,,,,,,,,,,,,,,,,,,,,,,,,,,,
62,2530,2,35.4112,13.718,0.0,0.0,19.5191,5.5,34.4792,53.8628,0.0,0,10.9106,173.40099999999998,PT.06,PS.03,PA.02,OWN.01,OCC.02,OT.03,SH.07,WH.03,STH.01,GH.02,OH.02,SOL.02,1.0,0.0,1.0,1.0,1.0,1.0,1.0,1.0,1.0,0.0,1.0,1.0,1.0,2.0,1.0,1.0,0.0,2.0,1.0,0.0,0.0,0.0,0.0
63,2545,7,39.6603,34.7447,0.0,0.0,8.2649,14.3205,4.0439,40.9623,0.0,0,4.6304,146.627,,,,,,,,,,,,,,,,,,,,,,,,,,,,,,,,,,,
64,2554,2,50.2327,21.1825,0.0,0.0,13.2467,5.5,27.8892,46.8613,0.0,0,4.8074,169.72,PT.02,PS.02,PA.03,OWN.01,OCC.04,OT.04,SH.01,WH.01,STH.01,GH.04,OH.02,SOL.02,1.0,0.0,1.0,1.0,1.0,1.0,1.0,1.0,1.0,1.0,1.0,0.0,1.0,1.0,1.0,1.0,1.0,1.0,1.0,0.0,0.0,0.0,0.0
65,2568,2,223.141,0.0,0.0,0.0,16.1181,5.665,71.9523,110.984,0.0,0,4.3131,432.17400000000004,PT.02,PS.03,PA.03,OWN.01,OCC.04,OT.02,SH.01,WH.01,STH.01,GH.02,OH.02,SOL.02,0.0,0.0,1.0,1.0,1.0,1.0,1.0,1.0,1.0,1.0,1.0,1.0,1.0,3.0,0.0,2.0,0.0,5.0,2.0,0.0,0.0,0.0,0.0
66,2577,7,243.87,53.9676,0.0,0.0,11.5999,4.505,4.8185,107.16,0.0,0,4.3022,430.223,,,,,,,,,,,,,,,,,,,,,,,,,,,,,,,,,,,
67,2580,7,32.1818,21.1404,0.0,0.0,7.5043,4.25,4.4685,31.0207,0.0,0,4.8903,105.456,,,,,,,,,,,,,,,,,,,,,,,,,,,,,,,,,,,
68,2607,2,23.8547,18.5458,0.0,0.0,14.4069,5.5,26.3021,41.7144,0.0,0,7.5511,137.875,PT.06,PS.02,PA.04,OWN.02,OCC.02,OT.03,SH.01,WH.01,STH.01,GH.04,OH.02,SOL.02,0.0,0.0,1.0,1.0,1.0,1.0,1.0,1.0,0.0,0.0,1.0,1.0,1.0,1.0,1.0,0.0,2.0,1.0,1.0,0.0,0.0,0.0,0.0
69,2616,7,169.172,49.9703,0.0,0.0,16.5244,16.117,6.0795,97.4341,0.0,0,7.5308,362.82800000000003,,,,,,,,,,,,,,,,,,,,,,,,,,,,,,,,,,,
70,2634,2,23.9257,7.4391,0.0,0.0,2.3514,5.665,9.0016,14.0357,0.0,0,0.6305,63.0489,PT.02,PS.03,PA.04,OWN.01,OCC.02,OT.02,SH.01,WH.01,STH.01,GH.02,OH.02,SOL.02,1.0,1.0,0.0,1.0,1.0,1.0,1.0,1.0,1.0,1.0,1.0,1.0,1.0,2.0,0.0,1.0,0.0,2.0,0.0,0.0,0.0,0.0,0.0
71,2646,2,66.8132,21.238000000000003,0.0,0.0,8.402999999999999,30.7815,33.3523,62.467,0.0,0,2.2531,225.308,PT.04,PS.03,PA.03,OWN.01,OCC.02,OT.02,SH.01,WH.01,STH.01,GH.02,OH.02,SOL.02,1.0,1.0,0.0,1.0,1.0,1.0,1.0,1.0,1.0,1.0,1.0,1.0,1.0,2.0,1.0,2.0,0.0,1.0,0.0,0.0,0.0,0.0,0.0
72,2654,7,104.98299999999999,28.921,0.0,0.0,4.3634,4.25,1.3724,25.9391,0.0,0,1.7154,171.544,,,,,,,,,,,,,,,,,,,,,,,,,,,,,,,,,,,
73,2666,7,157.836,20.215999999999998,0.0,0.0,23.9573,23.6314,13.6457,103.835,0.0,0,15.0785,358.2,,,,,,,,,,,,,,,,,,,,,,,,,,,,,,,,,,,
74,2675,7,65.9616,15.0797,0.0,0.0,34.9109,32.8318,24.232,102.45700000000001,0.0,0,27.427,302.9,,,,,,,,,,,,,,,,,,,,,,,,,,,,,,,,,,,
75,2686,7,0.0,0.0,0.0,0.0,0.0,0.0,0.0,0.0,0.0,0,0.0,0.0,,,,,,,,,,,,,,,,,,,,,,,,,,,,,,,,,,,
76,2697,7,11.8086,6.0519,0.0,0.0,21.9878,22.1179,10.3731,32.6803,0.0,0,24.6445,129.664,,,,,,,,,,,,,,,,,,,,,,,,,,,,,,,,,,,
77,2707,2,95.1879,27.3157,0.0,0.0,14.3436,3.498,71.5123,76.0088,0.0,0,2.9077,290.774,PT.02,PS.04,PA.02,OWN.01,OCC.02,OT.02,SH.01,WH.01,STH.01,GH.04,OH.02,SOL.02,2.0,1.0,0.0,1.0,1.0,1.0,0.0,0.0,0.0,1.0,1.0,0.0,1.0,1.0,0.0,1.0,0.0,0.0,1.0,0.0,0.0,0.0,0.0
78,2716,2,84.0679,20.0885,0.0,0.0,1.8001,1.0324,36.4646,55.6929,0.0,0,3.5709,202.717,PT.04,PS.03,PA.03,OWN.02,OCC.04,OT.05,SH.01,WH.01,STH.01,GH.02,OH.01,SOL.02,2.0,1.0,1.0,1.0,1.0,1.0,1.0,1.0,0.0,0.0,0.0,1.0,1.0,2.0,1.0,1.0,1.0,1.0,1.0,0.0,0.0,0.0,0.0
79,2731,7,36.1308,19.8314,0.0,0.0,36.0042,19.9868,16.9856,48.2698,0.0,0,35.1113,212.32,,,,,,,,,,,,,,,,,,,,,,,,,,,,,,,,,,,
80,2740,2,28.8601,0.0,0.0,0.0,42.0093,20.1021,40.3291,47.3613,0.0,0,24.6761,203.338,PT.02,PS.03,PA.02,OWN.01,OCC.03,OT.04,SH.01,WH.01,STH.01,GH.02,OH.02,SOL.02,0.0,0.0,1.0,1.0,1.0,1.0,0.0,1.0,1.0,0.0,1.0,0.0,1.0,1.0,1.0,1.0,1.0,1.0,1.0,1.0,0.0,0.0,0.0
81,2751,2,375.834,34.1178,0.0,0.0,18.3596,5.665,23.0695,79.041,0.0,0,5.415,541.502,PT.04,PS.03,PA.03,OWN.02,OCC.03,OT.05,SH.01,WH.01,STH.01,GH.02,OH.02,SOL.02,0.0,0.0,2.0,1.0,1.0,1.0,1.0,1.0,1.0,1.0,1.0,1.0,1.0,3.0,1.0,1.0,1.0,3.0,1.0,0.0,0.0,0.0,0.0
82,2765,2,12.8779,19.1754,0.0,0.0,5.5247,5.665,15.8874,24.6539,0.0,0,1.0282,84.8124,PT.04,PS.03,PA.03,OWN.01,OCC.04,OT.04,SH.01,WH.01,STH.01,GH.02,OH.02,SOL.02,0.0,0.0,1.0,1.0,1.0,1.0,1.0,1.0,1.0,1.0,1.0,0.0,1.0,1.0,0.0,1.0,0.0,3.0,0.0,0.0,0.0,0.0,0.0
83,2790,7,58.9532,56.2029,0.0,0.0,10.8555,5.8545,5.1564,55.0032,0.0,0,5.9483,197.97400000000002,,,,,,,,,,,,,,,,,,,,,,,,,,,,,,,,,,,
84,2809,2,54.8327,0.0,0.0,0.0,26.6132,6.6789,53.7668,67.816,0.0,0,12.2628,221.97,PT.04,PS.03,PA.02,OWN.01,OCC.02,OT.02,SH.01,WH.01,STH.04,GH.02,OH.02,SOL.02,0.0,0.0,2.0,1.0,1.0,1.0,1.0,1.0,0.0,1.0,1.0,0.0,1.0,2.0,1.0,0.0,0.0,1.0,1.0,0.0,0.0,0.0,0.0
85,2838,7,145.765,35.1884,0.0,0.0,32.0845,21.5682,20.6171,120.915,0.0,0,22.2105,398.349,,,,,,,,,,,,,,,,,,,,,,,,,,,,,,,,,,,
86,2865,4,176.69299999999998,22.9042,0.0,0.0,13.0179,4.0704,25.343000000000004,92.0886,0.0,0,3.3749,337.49199999999996,PT.05,PS.04,PA.04,OWN.01,OCC.04,OT.05,SH.01,WH.01,STH.01,GH.02,OH.02,SOL.02,1.0,1.0,0.0,1.0,1.0,1.0,1.0,1.0,1.0,1.0,1.0,1.0,1.0,3.0,1.0,2.0,1.0,3.0,3.0,0.0,0.0,0.0,0.0
87,2877,2,20.7465,14.8331,0.0,0.0,6.2163,5.5,13.6495,23.2807,0.0,0,1.932,86.1581,PT.01,PS.03,PA.02,OWN.01,OCC.01,OT.06,SH.01,WH.01,STH.01,GH.02,OH.02,SOL.02,1.0,0.0,1.0,1.0,1.0,1.0,1.0,1.0,1.0,1.0,1.0,0.0,1.0,2.0,1.0,1.0,0.0,1.0,1.0,0.0,0.0,0.0,0.0
88,2886,2,54.478,21.903000000000002,0.0,0.0,7.9181,28.9748,27.7165,69.1926,0.0,0,2.1231,212.30599999999998,PT.02,PS.03,PA.03,OWN.01,OCC.04,OT.04,SH.01,WH.01,STH.01,GH.02,OH.02,SOL.02,1.0,1.0,1.0,1.0,1.0,1.0,1.0,1.0,1.0,1.0,1.0,1.0,1.0,1.0,1.0,1.0,1.0,1.0,1.0,0.0,0.0,0.0,0.0
89,2899,7,28.3616,22.1699,0.0,0.0,54.2158,41.6184,25.5773,83.7936,0.0,0,63.9793,319.716,,,,,,,,,,,,,,,,,,,,,,,,,,,,,,,,,,,
90,2919,2,51.6655,16.0243,0.0,0.0,7.9993,5.83,34.6316,50.6255,0.0,0,1.6846,168.46099999999998,PT.04,PS.04,PA.02,OWN.01,OCC.03,OT.05,SH.01,WH.01,STH.01,GH.02,OH.02,SOL.02,1.0,1.0,0.0,1.0,1.0,1.0,1.0,0.0,1.0,0.0,1.0,0.0,1.0,1.0,1.0,1.0,1.0,1.0,1.0,0.0,0.0,0.0,0.0
91,2934,2,28.8033,23.4448,0.0,0.0,12.6645,2.2773,13.7235,14.4685,0.0,0,4.1305,99.5126,PT.04,PS.03,PA.02,OWN.01,OCC.02,OT.02,SH.01,WH.01,STH.01,GH.02,OH.02,SOL.02,1.0,1.0,0.0,1.0,1.0,1.0,1.0,1.0,0.0,0.0,1.0,0.0,1.0,1.0,1.0,1.0,0.0,1.0,0.0,0.0,0.0,0.0,0.0
92,2948,2,31.3726,22.894000000000002,0.0,0.0,1.4931,26.2861,32.6316,42.7671,0.0,0,2.6924,160.137,PT.04,PS.03,PA.03,OWN.02,OCC.02,OT.02,SH.01,WH.01,STH.01,GH.02,OH.01,SOL.02,0.0,0.0,1.0,1.0,1.0,1.0,1.0,1.0,1.0,1.0,1.0,1.0,1.0,1.0,1.0,0.0,0.0,1.0,1.0,0.0,0.0,0.0,0.0
93,2961,7,377.126,49.4235,0.0,0.0,13.2446,4.25,4.1656,67.281,0.0,0,5.207000000000001,520.698,,,,,,,,,,,,,,,,,,,,,,,,,,,,,,,,,,,
94,2974,7,36.7924,40.3617,0.0,0.0,22.4018,49.9627,14.8895,80.5946,0.0,0,15.9542,260.957,,,,,,,,,,,,,,,,,,,,,,,,,,,,,,,,,,,
95,2988,7,20.2698,6.9497,0.0,0.0,47.5841,26.71,22.4486,113.07700000000001,0.0,0,43.5689,280.608,,,,,,,,,,,,,,,,,,,,,,,,,,,,,,,,,,,
96,2998,7,112.649,55.2949,0.0,0.0,25.461,21.6577,15.3596,103.71,0.0,0,16.7632,350.895,,,,,,,,,,,,,,,,,,,,,,,,,,,,,,,,,,,
97,3009,7,146.539,43.4648,0.0,0.0,10.985999999999999,4.25,2.7302,74.9383,0.0,0,3.8773,286.785,,,,,,,,,,,,,,,,,,,,,,,,,,,,,,,,,,,
98,3019,7,89.0516,15.8487,0.0,0.0,12.2654,4.25,6.7818,54.7428,0.0,0,7.5437,190.484,,,,,,,,,,,,,,,,,,,,,,,,,,,,,,,,,,,
99,3036,7,33.3395,44.3086,0.0,0.0,56.9106,56.9034,33.84,151.238,0.0,0,46.4594,423.0,,,,,,,,,,,,,,,,,,,,,,,,,,,,,,,,,,,
100,3054,7,110.234,35.7136,0.0,0.0,19.0077,7.4147,11.057,80.5962,0.0,0,12.1618,276.185,,,,,,,,,,,,,,,,,,,,,,,,,,,,,,,,,,,
101,3070,2,53.6088,22.3346,0.0,0.0,5.0894,34.0338,69.1987,84.7628,0.0,0,12.9902,282.018,PT.05,PS.04,PA.03,OWN.01,OCC.05,OT.05,SH.01,WH.05,STH.01,GH.04,OH.01,SOL.02,0.0,1.0,1.0,1.0,1.0,1.0,1.0,1.0,1.0,1.0,1.0,1.0,1.0,4.0,1.0,2.0,0.0,1.0,1.0,0.0,0.0,0.0,0.0
102,3090,2,15.0087,0.0,0.0,0.0,23.0642,9.1225,20.7745,22.4123,0.0,0,13.8044,104.18700000000001,PT.04,PS.02,PA.03,OWN.01,OCC.01,OT.02,SH.01,WH.01,STH.01,GH.02,OH.02,SOL.02,0.0,0.0,1.0,1.0,1.0,1.0,1.0,1.0,1.0,0.0,1.0,0.0,1.0,1.0,1.0,1.0,0.0,2.0,1.0,1.0,0.0,0.0,0.0
103,3144,7,148.88,62.9439,0.0,0.0,23.2033,29.944000000000003,11.6069,113.03299999999999,0.0,0,13.2182,402.829,,,,,,,,,,,,,,,,,,,,,,,,,,,,,,,,,,,
104,3212,3,7.3,6.002999999999999,0.0,0.0,4.9102,12.0221,10.300999999999998,18.636,0.0,0,1.6838,60.856,PT.04,PS.03,PA.03,OWN.01,OCC.05,OT.04,SH.01,WH.01,STH.01,GH.02,OH.02,SOL.02,0.0,0.0,1.0,1.0,1.0,1.0,1.0,1.0,1.0,1.0,1.0,0.0,1.0,2.0,1.0,0.0,1.0,1.0,1.0,0.0,0.0,0.0,0.0
105,14524,2,59.2688,23.7052,0.0,0.0,24.4215,9.7632,45.886,73.6972,0.0,0,12.0503,248.792,PT.01,PS.03,PA.03,OWN.01,OCC.02,OT.06,SH.01,WH.01,STH.02,GH.02,OH.02,SOL.02,2.0,1.0,0.0,1.0,1.0,1.0,1.0,1.0,1.0,1.0,1.0,1.0,1.0,2.0,0.0,1.0,0.0,1.0,1.0,0.0,0.0,0.0,0.0
106,14542,2,168.36700000000002,44.6948,0.0,0.0,58.6819,3.7956,63.2615,68.4105,0.0,0,18.633,425.845,PT.02,PS.03,PA.02,OWN.01,OCC.03,OT.03,SH.01,WH.01,STH.01,GH.02,OH.02,SOL.02,2.0,3.0,1.0,1.0,1.0,1.0,1.0,1.0,1.0,0.0,1.0,1.0,1.0,5.0,1.0,3.0,4.0,3.0,2.0,0.0,0.0,0.0,0.0
107,14557,2,19.7353,26.9209,0.0,0.0,6.9005,10.075,28.0475,40.7474,0.0,0,1.3376,133.764,PT.05,PS.04,PA.02,OWN.01,OCC.03,OT.04,SH.01,WH.01,STH.01,GH.02,OH.02,SOL.02,1.0,1.0,0.0,1.0,1.0,1.0,1.0,0.0,0.0,1.0,1.0,0.0,1.0,1.0,1.0,1.0,1.0,1.0,1.0,0.0,0.0,0.0,0.0
108,14610,7,119.249,29.0953,0.0,0.0,14.5057,20.8081,6.6319,75.4988,0.0,0,7.726,273.515,,,,,,,,,,,,,,,,,,,,,,,,,,,,,,,,,,,
109,14620,7,74.7863,33.5745,0.0,0.0,10.7432,4.25,5.3508,52.5151,0.0,0,6.1001,187.32,,,,,,,,,,,,,,,,,,,,,,,,,,,,,,,,,,,
110,14637,2,100.506,26.0832,0.0,0.0,12.0426,18.3504,51.6161,86.4906,0.0,0,2.9807,298.069,PT.02,PS.04,PA.03,OWN.01,OCC.04,OT.03,SH.01,WH.01,STH.02,GH.02,OH.02,SOL.02,1.0,1.0,1.0,1.0,1.0,1.0,1.0,0.0,0.0,1.0,1.0,1.0,1.0,1.0,0.0,2.0,1.0,1.0,1.0,0.0,0.0,0.0,0.0
111,14657,2,67.0207,22.8224,0.0,0.0,6.3308,5.665,28.5847,46.0291,0.0,0,1.7824,178.235,PT.04,PS.03,PA.04,OWN.01,OCC.02,OT.02,SH.01,WH.01,STH.01,GH.02,OH.02,SOL.02,1.0,0.0,1.0,1.0,1.0,1.0,1.0,0.0,0.0,1.0,1.0,1.0,0.0,2.0,1.0,2.0,2.0,0.0,0.0,0.0,0.0,0.0,0.0
112,14697,7,30.9373,24.6686,0.0,0.0,0.0,0.0,0.0,0.0,0.0,0,18.5591,74.165,,,,,,,,,,,,,,,,,,,,,,,,,,,,,,,,,,,
113,14709,2,76.1891,25.6464,0.0,0.0,13.7457,14.8573,37.7701,91.6787,0.0,0,2.6251,262.513,PT.04,PS.03,PA.02,OWN.02,OCC.04,OT.04,SH.01,WH.01,STH.01,GH.02,OH.02,SOL.02,0.0,1.0,1.0,1.0,1.0,1.0,1.0,1.0,0.0,1.0,1.0,1.0,1.0,2.0,1.0,1.0,1.0,3.0,3.0,0.0,0.0,0.0,0.0
114,14863,2,21.8769,0.0,0.0,0.0,5.3111,11.3688,15.0066,28.5033,0.0,0,0.8273,82.8939,PT.05,PS.04,PA.03,OWN.01,OCC.04,OT.04,SH.01,WH.01,STH.01,GH.02,OH.02,SOL.02,1.0,1.0,1.0,1.0,1.0,1.0,1.0,0.0,1.0,1.0,1.0,0.0,1.0,2.0,0.0,2.0,1.0,1.0,1.0,0.0,0.0,0.0,0.0
115,18077,2,8.735,0.0,7.9275,0.0,6.6028,3.7956,13.892999999999999,27.2659,0.0,0,1.6503,69.8701,PT.06,PS.03,PA.04,OWN.02,OCC.01,OT.02,SH.07,WH.05,STH.02,GH.02,OH.02,SOL.02,0.0,0.0,1.0,1.0,1.0,1.0,1.0,0.0,0.0,0.0,1.0,1.0,0.0,1.0,1.0,1.0,1.0,1.0,1.0,0.0,0.0,0.0,0.0
116,18080,7,66.2789,35.1166,0.0,0.0,17.7104,58.7092,9.7059,79.7159,0.0,0,10.8181,278.055,,,,,,,,,,,,,,,,,,,,,,,,,,,,,,,,,,,
117,18101,3,0.0,0.0,0.0,0.0,0.0,0.0,0.0,0.0,0.0,0,0.0,0.0,PT.01,PS.03,PA.03,OWN.01,OCC.03,OT.04,SH.01,WH.01,STH.01,GH.02,OH.02,SOL.02,0.0,0.0,1.0,1.0,1.0,1.0,1.0,1.0,1.0,1.0,1.0,0.0,1.0,1.0,1.0,1.0,0.0,1.0,0.0,1.0,0.0,0.0,0.0
118,18110,7,2.4694,3.8179,0.0,0.0,10.485999999999999,8.7935,4.947,17.5778,0.0,0,13.7454,61.836999999999996,,,,,,,,,,,,,,,,,,,,,,,,,,,,,,,,,,,
119,18137,2,89.8561,31.3467,0.0,0.0,7.8974,5.83,33.8261,55.3147,0.0,0,2.2633,226.334,PT.01,PS.04,PA.02,OWN.01,OCC.04,OT.04,SH.01,WH.01,STH.01,GH.02,OH.02,SOL.02,1.0,0.0,1.0,1.0,1.0,1.0,1.0,1.0,0.0,1.0,1.0,1.0,1.0,1.0,0.0,0.0,0.0,1.0,3.0,0.0,0.0,0.0,0.0
120,18168,7,58.578,30.5516,0.0,0.0,3.2536,4.25,1.0233,28.9745,0.0,0,1.2791,127.91,,,,,,,,,,,,,,,,,,,,,,,,,,,,,,,,,,,
121,18189,2,22.9852,0.0,0.0,0.0,14.2466,23.2883,29.791999999999998,37.383,0.0,0,5.2142,132.909,PT.04,PS.04,PA.04,OWN.02,OCC.02,OT.04,SH.01,WH.01,STH.01,GH.02,OH.02,SOL.02,0.0,0.0,1.0,1.0,1.0,1.0,1.0,1.0,1.0,1.0,1.0,1.0,1.0,1.0,1.0,0.0,1.0,0.0,1.0,0.0,0.0,0.0,0.0
122,18204,5,163.94099999999997,47.6171,0.0,0.0,109.296,22.1583,111.035,410.165,0.0,0,68.3606,932.573,PT.04,PS.03,PA.03,OWN.02,OCC.04,OT.02,SH.01,WH.03,STH.01,GH.02,OH.02,SOL.02,1.0,1.0,1.0,1.0,1.0,1.0,1.0,1.0,1.0,0.0,1.0,1.0,1.0,4.0,1.0,1.0,1.0,1.0,1.0,0.0,0.0,0.0,0.0
123,18226,7,85.1331,25.9601,0.0,0.0,20.7621,14.635,13.5259,76.8153,0.0,0,14.5314,251.363,,,,,,,,,,,,,,,,,,,,,,,,,,,,,,,,,,,
124,18235,2,69.5439,34.4988,0.0,0.0,22.1479,4.8294,65.1485,86.4723,0.0,0,4.3955,287.036,PT.02,PS.04,PA.02,OWN.01,OCC.04,OT.05,SH.01,WH.01,STH.01,GH.02,OH.02,SOL.02,1.0,0.0,1.0,1.0,1.0,1.0,1.0,1.0,0.0,1.0,1.0,1.0,1.0,1.0,1.0,1.0,1.0,4.0,4.0,0.0,0.0,0.0,0.0
125,18248,2,0.0,0.0,0.0,0.0,0.0,0.0,0.0,0.0,0.0,0,0.0,0.0,PT.04,PS.04,PA.02,OWN.02,OCC.03,OT.05,SH.01,WH.01,STH.01,GH.02,OH.02,SOL.02,0.0,1.0,1.0,1.0,1.0,1.0,1.0,1.0,0.0,0.0,1.0,1.0,1.0,4.0,1.0,1.0,1.0,1.0,1.0,0.0,0.0,0.0,0.0
126,18262,2,18.4404,27.1592,0.0,0.0,4.5008,39.482,8.3956,21.4938,0.0,0,1.2068,120.678,PT.05,PS.03,PA.01,OWN.01,OCC.04,OT.03,SH.01,WH.03,STH.01,GH.02,OH.02,SOL.02,1.0,0.0,1.0,1.0,1.0,1.0,1.0,1.0,1.0,1.0,1.0,1.0,1.0,4.0,2.0,3.0,1.0,0.0,1.0,0.0,0.0,0.0,0.0
127,18275,7,28.5972,10.1149,0.0,0.0,9.5471,4.25,6.7342,31.3368,0.0,0,7.1328,97.713,,,,,,,,,,,,,,,,,,,,,,,,,,,,,,,,,,,
128,18330,7,79.6787,19.2737,0.0,0.0,61.8806,40.4764,29.1933,78.5144,0.0,0,55.8989,364.916,,,,,,,,,,,,,,,,,,,,,,,,,,,,,,,,,,,
129,18364,7,144.563,79.0504,0.0,0.0,7.2869,4.25,2.2918,46.1697,0.0,0,2.8648,286.47700000000003,,,,,,,,,,,,,,,,,,,,,,,,,,,,,,,,,,,
130,18390,2,32.8099,13.899000000000001,0.0,0.0,7.3186,7.9303,21.8845,26.3008,0.0,0,1.1126,111.256,PT.02,PS.04,PA.03,OWN.01,OCC.05,OT.05,SH.01,WH.01,STH.01,GH.02,OH.02,SOL.01,0.0,1.0,1.0,1.0,1.0,1.0,1.0,1.0,1.0,1.0,1.0,0.0,1.0,2.0,0.0,1.0,2.0,3.0,1.0,0.0,0.0,0.0,0.0
131,18426,2,89.3863,29.298000000000002,0.0,0.0,6.4176,5.9483,13.4408,52.2679,0.0,0,1.9875,198.74599999999998,PT.02,PS.03,PA.02,OWN.01,OCC.03,OT.04,SH.01,WH.01,STH.01,GH.01,OH.02,SOL.02,1.0,1.0,0.0,1.0,1.0,1.0,1.0,0.0,0.0,1.0,1.0,1.0,0.0,1.0,1.0,1.0,1.0,1.0,1.0,0.0,0.0,0.0,0.0
132,18497,2,0.0,0.0,0.0,0.0,0.0,0.0,0.0,0.0,0.0,0,0.0,0.0,PT.04,PS.03,PA.03,OWN.01,OCC.01,OT.02,SH.01,WH.01,STH.02,GH.02,OH.02,SOL.02,0.0,0.0,1.0,1.0,1.0,1.0,1.0,1.0,0.0,1.0,1.0,0.0,1.0,2.0,2.0,1.0,0.0,2.0,1.0,0.0,0.0,0.0,0.0
133,18523,7,78.3499,19.2378,0.0,0.0,29.8249,17.9575,21.6845,92.8832,0.0,0,22.8382,282.776,,,,,,,,,,,,,,,,,,,,,,,,,,,,,,,,,,,
134,18564,2,49.8435,0.0,0.0,0.0,37.4536,8.3681,34.8757,35.2647,0.0,0,23.5343,189.34,PT.04,PS.02,PA.01,OWN.01,OCC.03,OT.02,SH.01,WH.01,STH.01,GH.02,OH.02,SOL.02,0.0,0.0,1.0,1.0,1.0,1.0,1.0,1.0,1.0,0.0,1.0,0.0,1.0,1.0,1.0,1.0,1.0,1.0,1.0,1.0,0.0,0.0,0.0
135,18618,7,75.7757,28.1148,0.0,0.0,31.4783,33.0821,22.3659,102.066,0.0,0,23.6574,316.54,,,,,,,,,,,,,,,,,,,,,,,,,,,,,,,,,,,
136,18640,2,10.1985,0.0,0.0,0.0,28.4831,8.1745,25.8418,29.6868,0.0,0,17.8013,120.186,PT.05,PS.02,PA.04,OWN.02,OCC.02,OT.02,SH.01,WH.01,STH.01,GH.02,OH.02,SOL.02,0.0,0.0,1.0,1.0,1.0,1.0,1.0,1.0,1.0,0.0,1.0,1.0,1.0,1.0,1.0,1.0,1.0,3.0,2.0,0.0,0.0,0.0,0.0
137,18663,2,30.0011,0.0,0.0,0.0,8.0186,13.5043,34.9896,34.4333,0.0,0,25.2116,146.159,PT.05,PS.02,PA.01,OWN.02,OCC.02,OT.02,SH.01,WH.01,STH.01,GH.01,OH.01,SOL.02,0.0,0.0,1.0,1.0,1.0,1.0,1.0,1.0,1.0,0.0,1.0,1.0,1.0,1.0,1.0,0.0,1.0,1.0,1.0,0.0,0.0,0.0,0.0
138,18714,2,13.3166,0.0,0.0,0.0,51.861999999999995,15.0146,59.3676,53.5894,0.0,0,33.1405,226.291,PT.01,PS.04,PA.02,OWN.01,OCC.02,OT.06,SH.01,WH.01,STH.02,GH.02,OH.02,SOL.02,0.0,0.0,1.0,1.0,1.0,1.0,1.0,1.0,1.0,1.0,1.0,1.0,1.0,3.0,1.0,1.0,0.0,2.0,1.0,1.0,0.0,0.0,0.0
139,18735,2,21.1845,0.0,0.0,0.0,14.3922,14.2289,24.0726,37.7188,0.0,0,7.841,119.43799999999999,PT.06,PS.02,PA.04,OWN.02,OCC.02,OT.02,SH.01,WH.01,STH.01,GH.02,OH.02,SOL.02,0.0,0.0,1.0,1.0,1.0,1.0,1.0,1.0,0.0,0.0,1.0,1.0,1.0,1.0,1.0,0.0,1.0,1.0,1.0,0.0,0.0,0.0,0.0
140,18973,7,47.471000000000004,54.7261,0.0,0.0,36.6373,11.0414,17.9477,42.1828,0.0,0,27.4656,237.472,,,,,,,,,,,,,,,,,,,,,,,,,,,,,,,,,,,
141,19001,7,50.2847,10.2137,0.0,0.0,82.0702,68.7588,38.7181,131.96200000000002,0.0,0,101.96799999999999,483.976,,,,,,,,,,,,,,,,,,,,,,,,,,,,,,,,,,,
142,19037,7,39.692,31.311,0.0,0.0,50.283,57.0717,23.8582,57.2473,0.0,0,38.7647,298.228,,,,,,,,,,,,,,,,,,,,,,,,,,,,,,,,,,,
143,19066,2,37.5027,16.9911,0.0,0.0,3.8753,0.7743,15.709000000000001,4.2438,0.0,0,7.3796,86.4758,PT.05,PS.03,PA.03,OWN.02,OCC.03,OT.02,SH.01,WH.01,STH.01,GH.01,OH.01,SOL.02,0.0,1.0,1.0,1.0,1.0,1.0,1.0,1.0,1.0,0.0,0.0,0.0,1.0,0.0,0.0,0.0,0.0,3.0,1.0,0.0,0.0,0.0,0.0
144,19079,2,0.0,0.0,0.0,0.0,0.0,0.0,0.0,0.0,0.0,0,0.0,0.0,PT.02,PS.02,PA.02,OWN.01,OCC.03,OT.04,SH.01,WH.01,STH.01,GH.02,OH.02,SOL.02,0.0,0.0,1.0,1.0,1.0,1.0,1.0,1.0,1.0,0.0,1.0,1.0,1.0,2.0,0.0,1.0,1.0,1.0,1.0,1.0,1.0,0.0,0.0
145,23728,7,198.63,31.6562,0.0,0.0,64.7827,22.7695,47.0288,202.31,0.0,0,49.545,616.7230000000001,,,,,,,,,,,,,,,,,,,,,,,,,,,,,,,,,,,
146,23845,5,25.2853,12.6159,0.0,0.0,36.6052,27.3263,43.1359,133.83700000000002,0.0,0,23.9418,302.747,PT.04,PS.04,PA.04,OWN.01,OCC.02,OT.02,SH.01,WH.01,STH.01,GH.02,OH.02,SOL.02,0.0,0.0,1.0,1.0,1.0,1.0,2.0,1.0,0.0,1.0,1.0,0.0,1.0,1.0,1.0,1.0,0.0,2.0,1.0,0.0,0.0,0.0,0.0
147,24352,7,0.2156,0.4997,0.0,0.0,4.6089,1.7085,0.4101,14.915999999999999,21.7348,0,2.2644,46.358000000000004,,,,,,,,,,,,,,,,,,,,,,,,,,,,,,,,,,,
148,24360,7,33.0172,20.7931,0.0,0.0,30.7351,18.7664,14.4998,37.3345,0.0,0,26.1018,181.248,,,,,,,,,,,,,,,,,,,,,,,,,,,,,,,,,,,
149,24439,2,28.0473,0.0,0.0,0.0,48.5287,8.7085,46.9624,49.4653,0.0,0,25.2893,207.002,PT.02,PS.03,PA.02,OWN.01,OCC.04,OT.02,SH.01,WH.01,STH.02,GH.02,OH.02,SOL.02,0.0,0.0,1.0,1.0,1.0,1.0,1.0,1.0,1.0,1.0,1.0,1.0,1.0,1.0,1.0,1.0,1.0,1.0,1.0,0.0,0.0,0.0,0.0
150,24454,2,18.2331,12.3936,0.0,0.0,0.4816,5.665,3.0739,16.4076,0.0,0,0.5682,56.823,PT.02,PS.03,PA.02,OWN.02,OCC.03,OT.02,SH.01,WH.01,STH.01,GH.01,OH.01,SOL.02,1.0,1.0,1.0,1.0,1.0,1.0,1.0,1.0,1.0,1.0,1.0,1.0,1.0,1.0,1.0,1.0,1.0,1.0,1.0,1.0,0.0,0.0,0.0
151,24468,2,27.7379,26.4128,0.0,0.0,33.382,20.6747,36.1632,27.0529,0.0,0,14.9267,186.35,PT.01,PS.04,PA.01,OWN.01,OCC.04,OT.05,SH.01,WH.01,STH.01,GH.02,OH.02,SOL.02,1.0,2.0,0.0,1.0,1.0,1.0,1.0,1.0,1.0,1.0,1.0,0.0,1.0,2.0,1.0,1.0,0.0,4.0,3.0,2.0,0.0,0.0,0.0
152,24474,2,26.1225,0.0,0.0,0.0,22.7718,4.0798,21.941999999999997,19.7986,0.0,0,12.6823,107.397,PT.02,PS.03,PA.02,OWN.01,OCC.03,OT.05,SH.01,WH.01,STH.01,GH.02,OH.02,SOL.02,0.0,0.0,1.0,1.0,1.0,1.0,1.0,1.0,1.0,1.0,1.0,0.0,1.0,3.0,1.0,1.0,2.0,2.0,2.0,0.0,0.0,0.0,0.0
153,24491,7,30.5371,16.087,0.0,0.0,32.0273,39.0702,15.5486,36.566,0.0,0,24.5208,194.357,,,,,,,,,,,,,,,,,,,,,,,,,,,,,,,,,,,
154,24541,7,48.4096,42.9963,0.0,0.0,31.4202,34.9646,13.2871,36.8005,0.0,0,22.5216,230.4,,,,,,,,,,,,,,,,,,,,,,,,,,,,,,,,,,,
155,24554,7,96.8245,21.2245,0.0,0.0,53.4065,28.9838,26.2814,61.078,0.0,0,40.7183,328.517,,,,,,,,,,,,,,,,,,,,,,,,,,,,,,,,,,,
156,24577,2,9.6239,0.0,0.0,0.0,1.3933,5.665,1.7034,13.0217,0.0,0,0.3166,31.7238,PT.02,PS.03,PA.03,OWN.01,OCC.02,OT.06,SH.01,WH.01,STH.01,GH.02,OH.02,SOL.02,0.0,0.0,1.0,1.0,1.0,1.0,1.0,1.0,1.0,0.0,1.0,0.0,0.0,1.0,1.0,1.0,0.0,2.0,2.0,1.0,0.0,0.0,0.0
157,24604,2,10.1018,12.6233,0.0,0.0,20.3732,14.0834,18.7535,21.4564,0.0,0,10.759,108.15100000000001,PT.01,PS.02,PA.01,OWN.01,OCC.02,OT.02,SH.01,WH.01,STH.01,GH.02,OH.02,SOL.02,1.0,0.0,1.0,1.0,1.0,1.0,1.0,1.0,1.0,1.0,1.0,1.0,1.0,1.0,1.0,1.0,1.0,1.0,1.0,0.0,0.0,0.0,0.0
158,24620,2,6.4501,0.0,0.0,0.0,7.8248,3.498,8.1585,13.8898,0.0,0,2.7963,42.6175,PT.04,PS.04,PA.04,OWN.01,OCC.01,OT.02,SH.01,WH.01,STH.02,GH.02,OH.02,SOL.02,0.0,0.0,1.0,1.0,1.0,1.0,1.0,1.0,1.0,1.0,1.0,0.0,0.0,1.0,1.0,0.0,1.0,1.0,0.0,0.0,0.0,0.0,0.0
159,24662,2,4.7393,7.5605,0.0,0.0,21.1092,5.6148,18.9426,19.2474,0.0,0,12.6638,89.8777,PT.04,PS.03,PA.02,OWN.02,OCC.04,OT.04,SH.01,WH.01,STH.01,GH.02,OH.02,SOL.02,2.0,1.0,1.0,1.0,1.0,1.0,1.0,1.0,1.0,0.0,1.0,0.0,1.0,2.0,1.0,0.0,1.0,2.0,3.0,0.0,0.0,0.0,0.0
160,24735,2,6.6898,0.0,0.0,0.0,10.4139,3.569,8.7408,12.9107,0.0,0,5.0908,47.4151,PT.02,PS.03,PA.03,OWN.01,OCC.03,OT.04,SH.01,WH.01,STH.02,GH.02,OH.02,SOL.02,0.0,0.0,1.0,1.0,1.0,1.0,1.0,1.0,1.0,1.0,1.0,0.0,1.0,1.0,1.0,1.0,1.0,0.0,0.0,1.0,0.0,0.0,0.0
161,24750,7,27.0017,17.8769,0.0,0.0,29.4576,17.0334,13.8971,39.6066,0.0,0,28.8407,173.71400000000003,,,,,,,,,,,,,,,,,,,,,,,,,,,,,,,,,,,
162,24789,2,19.8391,0.0,0.0,0.0,13.9454,3.738,12.8809,13.0416,0.0,0,7.6286,71.0736,PT.02,PS.02,PA.03,OWN.01,OCC.02,OT.02,SH.01,WH.01,STH.01,GH.02,OH.02,SOL.02,1.0,1.0,1.0,1.0,1.0,1.0,1.0,1.0,1.0,0.0,1.0,1.0,1.0,3.0,0.0,2.0,1.0,2.0,0.0,0.0,0.0,0.0,0.0
163,24800,2,8.6452,6.922000000000001,0.0,0.0,6.5707,5.1779,8.016,16.272000000000002,0.0,0,0.8969,52.5008,PT.01,PS.04,PA.03,OWN.01,OCC.02,OT.03,SH.01,WH.01,STH.01,GH.02,OH.02,SOL.02,1.0,1.0,0.0,1.0,1.0,1.0,0.0,1.0,1.0,1.0,1.0,0.0,1.0,1.0,1.0,1.0,0.0,1.0,1.0,1.0,0.0,0.0,0.0
164,24858,2,0.0,0.0,0.0,0.0,0.0,0.0,0.0,0.0,0.0,0,0.0,0.0,PT.02,PS.03,PA.02,OWN.01,OCC.04,OT.02,SH.01,WH.01,STH.01,GH.02,OH.02,SOL.02,1.0,0.0,1.0,1.0,1.0,1.0,1.0,1.0,1.0,1.0,1.0,1.0,1.0,1.0,1.0,1.0,1.0,2.0,3.0,0.0,0.0,0.0,0.0
165,25184,7,146.19299999999998,34.7482,0.0,0.0,7.653,4.25,2.1133,66.5598,0.0,0,2.6416,264.159,,,,,,,,,,,,,,,,,,,,,,,,,,,,,,,,,,,
166,25201,3,80.7653,31.5971,0.0,0.0,8.7396,5.15,30.421999999999997,60.4621,0.0,0,2.1933,219.329,PT.04,PS.03,PA.04,OWN.02,OCC.04,OT.04,SH.01,WH.01,STH.01,GH.02,OH.02,SOL.02,0.0,1.0,1.0,1.0,1.0,1.0,1.0,1.0,1.0,0.0,1.0,0.0,0.0,1.0,1.0,1.0,1.0,1.0,1.0,0.0,0.0,0.0,0.0
167,25248,8,4.1595,3.4742,0.0,0.0,34.997,29.5038,23.9214,57.8217,0.0,0,45.4674,199.345,,,,,,,,,,,,,,,,,,,,,,,,,,,,,,,,,,,
168,25292,2,17.1913,0.0,0.0,0.0,25.9149,15.6452,22.0712,23.0942,0.0,0,13.4013,117.318,PT.03,PS.02,PA.02,OWN.01,OCC.02,OT.02,SH.01,WH.01,STH.02,GH.02,OH.02,SOL.01,0.0,0.0,1.0,1.0,1.0,1.0,1.0,1.0,1.0,0.0,1.0,1.0,1.0,2.0,1.0,2.0,1.0,1.0,2.0,0.0,0.0,0.0,0.0
169,25321,2,63.2003,76.0147,0.0,0.0,8.4989,5.83,32.2342,55.3595,0.0,0,2.4357,243.57299999999998,PT.02,PS.04,PA.03,OWN.01,OCC.02,OT.02,SH.01,WH.01,STH.02,GH.02,OH.02,SOL.02,0.0,0.0,1.0,1.0,1.0,1.0,1.0,1.0,1.0,1.0,1.0,0.0,1.0,2.0,1.0,1.0,0.0,3.0,0.0,0.0,0.0,0.0,0.0
170,25355,7,32.7706,27.6329,0.0,0.0,14.7218,14.1794,5.1197,17.5709,0.0,0,10.0097,122.005,,,,,,,,,,,,,,,,,,,,,,,,,,,,,,,,,,,
171,25371,2,33.16,0.0,0.0,0.0,41.9729,33.6941,38.3301,45.7558,0.0,0,21.8014,214.71400000000003,PT.02,PS.03,PA.02,OWN.02,OCC.03,OT.04,SH.01,WH.01,STH.01,GH.02,OH.02,SOL.02,0.0,0.0,1.0,1.0,1.0,1.0,1.0,1.0,1.0,1.0,1.0,1.0,0.0,1.0,1.0,1.0,1.0,1.0,1.0,1.0,0.0,0.0,0.0
172,25453,3,51.1007,0.0,0.0,0.0,25.311999999999998,9.7348,19.576,10.2167,0.0,0,16.2063,132.14700000000002,PT.02,PS.01,PA.03,OWN.01,OCC.01,OT.02,SH.01,WH.01,STH.01,GH.02,OH.02,SOL.02,0.0,0.0,1.0,1.0,1.0,1.0,1.0,1.0,1.0,0.0,1.0,0.0,1.0,0.0,0.0,0.0,0.0,1.0,0.0,0.0,0.0,0.0,0.0
173,25588,3,30.6286,12.7834,0.0,0.0,3.6974,3.4505,12.4308,34.6132,0.0,0,0.9859,98.5897,PT.06,PS.03,PA.03,OWN.02,OCC.02,OT.02,SH.01,WH.01,STH.01,GH.02,OH.02,SOL.02,0.0,0.0,1.0,1.0,1.0,1.0,1.0,1.0,1.0,0.0,1.0,1.0,1.0,2.0,1.0,1.0,1.0,3.0,2.0,0.0,0.0,0.0,0.0
174,25649,2,10.0009,10.8962,0.0,0.0,4.2666,4.343999999999999,17.9329,15.7068,0.0,0,10.2192,73.3666,PT.04,PS.04,PA.03,OWN.02,OCC.04,OT.05,SH.01,WH.01,STH.01,GH.01,OH.01,SOL.02,0.0,1.0,1.0,1.0,1.0,1.0,1.0,1.0,1.0,0.0,1.0,0.0,1.0,3.0,1.0,1.0,1.0,1.0,0.0,0.0,0.0,0.0,0.0
175,25688,3,36.5492,0.0,0.0,0.0,10.5207,23.2343,49.8129,50.6938,0.0,0,40.1307,210.942,PT.04,PS.02,PA.01,OWN.01,OCC.04,OT.02,SH.01,WH.01,STH.01,GH.01,OH.01,SOL.02,0.0,0.0,1.0,1.0,1.0,1.0,1.0,1.0,1.0,0.0,1.0,0.0,1.0,1.0,1.0,0.0,0.0,1.0,2.0,0.0,0.0,0.0,0.0
176,25708,7,15.033,7.4745,0.0,0.0,66.3856,67.3336,31.3186,114.09899999999999,0.0,0,89.8374,391.48199999999997,,,,,,,,,,,,,,,,,,,,,,,,,,,,,,,,,,,
177,25743,2,28.6277,0.0,338.156,0.0,74.0828,19.4785,34.5061,55.4292,0.0,0,25.7391,576.019,PT.06,PS.01,PA.03,OWN.01,OCC.03,OT.04,SH.03,WH.05,STH.01,GH.02,OH.02,SOL.02,0.0,0.0,1.0,1.0,1.0,1.0,1.0,1.0,1.0,0.0,1.0,1.0,1.0,1.0,0.0,1.0,0.0,1.0,1.0,1.0,0.0,0.0,0.0
178,25760,7,10.5619,9.4412,0.0,0.0,43.6834,38.6957,20.6084,75.2897,0.0,0,59.3247,257.605,,,,,,,,,,,,,,,,,,,,,,,,,,,,,,,,,,,
179,25778,7,34.3688,12.4819,0.0,0.0,12.1069,4.25,8.657,38.8314,0.0,0,9.1459,119.84200000000001,,,,,,,,,,,,,,,,,,,,,,,,,,,,,,,,,,,
180,25834,3,186.46400000000003,24.0573,0.0,0.0,15.802999999999999,3.339,47.9974,148.296,0.0,0,4.3026,430.259,PT.01,PS.04,PA.04,OWN.01,OCC.05,OT.04,SH.01,WH.01,STH.04,GH.04,OH.02,SOL.02,1.0,0.0,1.0,1.0,1.0,1.0,1.0,1.0,1.0,1.0,1.0,0.0,1.0,3.0,1.0,1.0,1.0,4.0,1.0,0.0,0.0,0.0,0.0
181,25910,2,0.0,0.0,0.0,0.0,0.0,0.0,0.0,0.0,0.0,0,0.0,0.0,PT.02,PS.03,PA.02,OWN.01,OCC.02,OT.02,SH.01,WH.01,STH.02,GH.02,OH.02,SOL.02,0.0,0.0,1.0,1.0,1.0,1.0,1.0,1.0,1.0,1.0,1.0,1.0,1.0,3.0,0.0,1.0,0.0,1.0,1.0,1.0,0.0,0.0,0.0
182,25945,3,68.1139,22.2599,0.0,0.0,7.9369,14.1429,21.7676,70.4136,0.0,0,2.0669999999999997,206.702,PT.04,PS.03,PA.04,OWN.01,OCC.04,OT.04,SH.01,WH.01,STH.01,GH.02,OH.02,SOL.02,0.0,0.0,1.0,1.0,1.0,1.0,1.0,1.0,1.0,1.0,1.0,1.0,1.0,3.0,1.0,1.0,1.0,1.0,1.0,0.0,0.0,0.0,0.0
183,26555,7,57.5251,18.003,0.0,0.0,62.208999999999996,85.4417,29.7323,70.8879,0.0,0,47.8548,371.654,,,,,,,,,,,,,,,,,,,,,,,,,,,,,,,,,,,
184,27512,7,36.5658,22.214000000000002,0.0,0.0,27.0655,14.954,13.2522,30.9338,0.0,0,20.6676,165.653,,,,,,,,,,,,,,,,,,,,,,,,,,,,,,,,,,,
185,27764,2,15.3723,10.0784,0.0,0.0,32.163000000000004,22.3746,28.0492,33.4947,0.0,0,15.925,157.457,PT.02,PS.03,PA.02,OWN.01,OCC.04,OT.04,SH.01,WH.01,STH.02,GH.02,OH.02,SOL.02,0.0,1.0,1.0,1.0,1.0,1.0,1.0,1.0,0.0,1.0,1.0,1.0,1.0,1.0,1.0,1.0,1.0,1.0,1.0,0.0,0.0,0.0,0.0
186,28279,7,103.055,36.2532,0.0,0.0,21.2829,21.0355,12.7748,87.1893,0.0,0,13.957,295.548,,,,,,,,,,,,,,,,,,,,,,,,,,,,,,,,,,,
187,28618,3,0.0,0.0,0.0,0.0,0.0,0.0,0.0,0.0,0.0,0,0.0,0.0,PT.02,PS.02,PA.02,OWN.02,OCC.02,OT.03,SH.01,WH.01,STH.01,GH.01,OH.01,SOL.02,0.0,0.0,1.0,1.0,1.0,1.0,1.0,1.0,1.0,0.0,1.0,0.0,0.0,0.0,0.0,0.0,0.0,1.0,1.0,0.0,0.0,0.0,0.0
188,28643,4,16.7757,17.4246,0.0,0.0,3.786,4.8,4.8749,18.0027,0.0,0,1.3882,67.05199999999999,PT.06,PS.02,PA.04,OWN.02,OCC.01,OT.02,SH.01,WH.01,STH.01,GH.02,OH.02,SOL.02,0.0,0.0,1.0,1.0,1.0,1.0,1.0,1.0,1.0,1.0,1.0,1.0,1.0,3.0,1.0,0.0,0.0,1.0,1.0,0.0,0.0,0.0,0.0
189,28787,5,2.1821,16.939,0.0,2.523,4.71,0.7828,6.0303,4.1788,0.0,0,3.2191,40.5651,PT.01,PS.04,PA.01,OWN.01,OCC.02,OT.03,SH.05,WH.02,STH.01,GH.02,OH.02,SOL.01,1.0,0.0,0.0,1.0,1.0,1.0,0.0,0.0,0.0,0.0,0.0,0.0,0.0,0.0,0.0,0.0,0.0,0.0,0.0,0.0,0.0,0.0,0.0
190,29391,7,77.1709,37.4758,0.0,0.0,21.3634,10.1977,14.0746,77.8252,0.0,0,15.0874,253.195,,,,,,,,,,,,,,,,,,,,,,,,,,,,,,,,,,,
191,29988,2,0.0,0.0,0.0,0.0,0.0,0.0,0.0,0.0,0.0,0,0.0,0.0,PT.02,PS.03,PA.02,OWN.01,OCC.02,OT.02,SH.01,WH.01,STH.01,GH.02,OH.02,SOL.02,1.0,1.0,1.0,1.0,1.0,1.0,1.0,1.0,1.0,1.0,1.0,1.0,1.0,1.0,1.0,0.0,1.0,1.0,1.0,1.0,0.0,0.0,0.0
192,32343,7,0.0,0.0,0.0,0.0,0.0,0.0,0.0,0.0,0.0,0,0.0,0.0,,,,,,,,,,,,,,,,,,,,,,,,,,,,,,,,,,,
193,32652,7,24.8417,34.3244,0.0,0.0,61.5298,29.435,30.2826,145.941,0.0,0,52.1772,378.532,,,,,,,,,,,,,,,,,,,,,,,,,,,,,,,,,,,
194,32922,7,41.515,53.5022,0.0,0.0,15.966,4.25,10.3119,59.7643,0.0,0,11.0976,196.407,,,,,,,,,,,,,,,,,,,,,,,,,,,,,,,,,,,
195,33047,5,31.7643,13.5176,0.0,0.0,6.3623,4.6,4.1042,19.406,0.0,0,2.1388,81.8932,PT.06,PS.02,PA.04,OWN.02,OCC.01,OT.02,SH.04,WH.05,STH.02,GH.02,OH.02,SOL.02,0.0,0.0,1.0,1.0,1.0,1.0,1.0,1.0,1.0,1.0,1.0,1.0,1.0,1.0,0.0,0.0,1.0,1.0,0.0,0.0,0.0,0.0,0.0
196,33066,7,3.1639999999999997,1.8282,0.0,0.0,3.8101,4.25,2.4304,11.8379,0.0,0,3.0594,30.38,,,,,,,,,,,,,,,,,,,,,,,,,,,,,,,,,,,
197,36462,5,27.3348,15.8911,0.0,0.0,21.279,11.8776,23.5008,90.8041,0.0,0,9.6083,200.296,PT.02,PS.04,PA.02,OWN.01,OCC.04,OT.03,SH.01,WH.01,STH.02,GH.02,OH.02,SOL.02,1.0,0.0,1.0,1.0,1.0,1.0,1.0,1.0,1.0,1.0,1.0,1.0,1.0,1.0,1.0,1.0,1.0,2.0,3.0,0.0,0.0,0.0,0.0
198,39138,7,100.738,67.9357,0.0,0.0,9.5363,4.7303,2.7695,76.1114,0.0,0,2.6447,264.466,,,,,,,,,,,,,,,,,,,,,,,,,,,,,,,,,,,
199,39521,7,31.5441,28.3561,0.0,0.0,20.0458,6.8831,9.4727,23.183000000000003,0.0,0,14.8572,134.342,,,,,,,,,,,,,,,,,,,,,,,,,,,,,,,,,,,
200,39654,7,27.7014,31.9346,0.0,0.0,23.2473,8.7622,16.6311,55.2701,0.0,0,19.7763,183.32299999999998,PT.04,PS.03,PA.02,OWN.01,OCC.04,OT.05,SH.01,WH.01,STH.01,GH.02,OH.02,SOL.02,0.0,0.0,1.0,1.0,0.0,1.0,0.0,1.0,0.0,1.0,1.0,1.0,1.0,1.0,1.0,0.0,1.0,3.0,2.0,0.0,0.0,0.0,0.0
201,40321,1,141.249,40.7652,0.0,0.0,29.8358,6.625,138.487,207.097,0.0,0,5.6976,569.757,PT.02,PS.04,PA.02,OWN.01,OCC.04,OT.03,SH.01,WH.01,STH.02,GH.02,OH.02,SOL.02,1.0,0.0,1.0,1.0,1.0,1.0,1.0,1.0,1.0,1.0,1.0,1.0,1.0,1.0,1.0,1.0,1.0,2.0,3.0,0.0,0.0,0.0,0.0
202,41356,7,14.4344,18.1304,0.0,0.0,12.8212,8.3143,8.795,37.3369,0.0,0,10.1049,109.93700000000001,,,,,,,,,,,,,,,,,,,,,,,,,,,,,,,,,,,
203,42178,7,17.3134,0.0,0.0,0.0,2.0836,4.25,1.0002,11.8379,0.0,0,1.15,37.635,,,,,,,,,,,,,,,,,,,,,,,,,,,,,,,,,,,
204,42226,8,98.9698,23.6273,0.0,0.0,26.1867,9.7059,25.0825,90.455,0.0,0,18.0949,292.122,,,,,,,,,,,,,,,,,,,,,,,,,,,,,,,,,,,
205,43807,3,12.4116,4.5874,0.0,0.0,9.057,5.565,15.7337,35.5593,0.0,0,2.1336,85.0476,,,,,,,,,,,,,,,,,,,,,,,,,,,,,,,,,,,
206,44939,7,36.1184,29.7162,0.0,0.0,16.7086,8.2586,11.4815,14.7038,0.0,0,13.485,130.472,,,,,,,,,,,,,,,,,,,,,,,,,,,,,,,,,,,
207,56567,9,5.3825,6.1675,0.0,4.2696,6.9238,2.9707,5.1676,4.0948,0.0,0,5.3954,40.372,,,,,,,,,,,,,,,,,,,,,,,,,,,,,,,,,,,
208,56617,8,1.4895,3.4942,0.0,2.4071,6.1738,2.112,5.3817,6.5771,32.3582,0,4.1414,64.135,,,,,,,,,,,,,,,,,,,,,,,,,,,,,,,,,,,
209,57367,9,0.0,0.0,0.0,0.0,0.0,0.0,0.0,0.0,0.0,0,0.0,0.0,,,,,,,,,,,,,,,,,,,,,,,,,,,,,,,,,,,
210,57587,9,4.8349,1.915,0.0,0.0,28.8182,21.2847,28.9146,61.6412,0.0,0,21.3275,168.736,,,,,,,,,,,,,,,,,,,,,,,,,,,,,,,,,,,
211,57641,9,173.88,17.4145,0.0,0.0,0.0,0.0,0.0,0.0,0.0,0,17168.8,17360.1,,,,,,,,,,,,,,,,,,,,,,,,,,,,,,,,,,,
212,57770,9,25.5542,8.9303,0.0,0.0,14.1071,4.421,19.6265,34.4108,0.0,0,8.6202,115.67,,,,,,,,,,,,,,,,,,,,,,,,,,,,,,,,,,,
